{"stat.walkOneCm":61471,"stat.pickup.planetarium.crate":4,"stat.leaveGame":6,"stat.drop.planetarium.crate":1,"stat.useItem.planetarium.jelly_bean":2,"stat.flyOneCm":45497,"stat.pickup.minecraft.sandstone":110,"stat.drop":1,"stat.jump":399,"stat.swimOneCm":721,"stat.playOneMinute":167047,"stat.sneakTime":7075,"stat.useItem.planetarium.nutrition_bar":1,"stat.crouchOneCm":22348,"stat.useItem.planetarium.sealed_mri":1,"stat.timeSinceDeath":167047,"stat.mineBlock.planetarium.crate":1,"stat.sprintOneCm":31254,"stat.useItem.planetarium.crate":1,"stat.useItem.minecraft.stone_slab2":209}